userid,introduction
lorenzonical,boss of unisats and fractal bitcoin 
lilyanna_btc,researcher of btc ecosystem
peter3050,researcher of btc ecosystem and AI
rodarmor,founder of ordinals protocol
atomicalsxyz,Atomicals Protocol 
domodata,BRC20 Creator
ohxiyu,OG/Supportor of Rune and Dogs
_0xSea_, researcher of btc ecosystem and Ton
55555_sats, OG/Builder of xMonkes
ScarlettWeb3, KOL
UniWorlds_io, Game Infrastructure for the Bitcoin Ecosystem
fractal_bitcoin, Fractal is the only native scaling solution completely and instantly compatible with #Bitcoin
ordjingle, KOL
wizzwallet, Atomicals Wallet
MerlinLayer2, A Native Bitcoin Layer2
rune_coin,
MEonBTC, MagicEden BTC Market
wangfeng_0128, Crypto Citizen
BTCdayu, KOL
GeniiData, invest tool
BitmapTech, Merlin Chain Founder
dot_swap, DotSwap marketplace
raphjaph, cofounder of ordinals
SatX_io, marketplace
LeonidasNFT, Ordfluencer | Runemaster
lightning, Lightning Labs
dannydiekroeger, founder @deezy_inc dev for @bitcoinfrogs