Name,Telegram,X,DC,,,
DOG•GO•TO•THE•MOON,,@LeonidasNFT,,,,
PUPS•WORLD•PEACE,pupsworldpeace,@PupsToken,,,,
BILLION•DOLLAR•CAT,+2twfAjfJXjVhMjlh,@billydollarcat,,,,
RSIC•GENESIS•RUNE,,@rune_coin,,,,
LOBO•THE•WOLF•PUP,lobo_the_wolf_pup,@lobothewolfpup,,,,
GIZMO•IMAGINARY•KITTEN,gizmoimaginary,@GizmoImaginary,,,,
ZEUS•RUNES•BITCOIN,zeusrunesbitcoin,@ZeusGameFi,,,,
MEMENTO•MORI,,@MementoMoriBTC,,,,
SATOSHI•NAKAMOTO,,@bitcoin_enigma,,,,
DECENTRALIZED,,@decentralized02,discord.gg/decentralized,,,
BASED•INTERNET•PANDA,basednetpanda,@basednetpanda,,,,
THE•ORDZAAR•RUNES,,@ordzaar,,,,
SAIKO•HAMSTER,LUXB6ngjhW,@SaikoHamster,,,,
UNCOMMON•GOODS,saikoportal     （頻道）,,,,,
DEPIN•RUNE•DEAI,DEPIN_RUNE_DEAI,https://x.com/Runes_DeAI,,,,
WADDLE•WADDLE•PENGU,,@WaddlePenguRune,discord.gg/WhbbNaUSwg,,,
POOKA•CANNOT•BE•STOPPED,PookaCannotBeStopped 頻道,@Pookarune,,,,
THE•DONALD•TRUMP,,,,,,
WANKO•MANKO•RUNES,wanko_manko,@wankomankorunes,,,,
BASED•ANGELS•RUNE,,@basedangelsbtc,discord.gg/basedangels,,,
MR•YEN•JAPANESE•BUSINESSMAN,,,,,,
NICOLAS•PI•RUNES,,@NicolasPiRunes,,,,
CATS•IN•THE•SATS,catsinthesats,@catsinthesats,,,,
THE•OFFICIAL•BOZO,theofficialbozo,@BOZO_Rune,,,,
KODA•FLUFFINGTON,,@kodarune,,,,
OOZY•GOOZEMO,,,,,,
CYPHER•GENESIS,,@cyphergenesisAI,,,,
BITCOIN•BRO•BEAR,,https://x.com/btcbrobear,,,,
WISHY•WASHY•MACHINE,,@WishyWashyBTC,,,,
LUCE•MASCOT•OF•THE•HOLY•YEAR,,,,,,